<mujoco model="ur5e scene">

  
  <statistic center="0.3 0 0.4" extent="0.8"/>

  <visual>
    <headlight diffuse="0.6 0.6 0.6" ambient="0.1 0.1 0.1" specular="0 0 0"/>
    <rgba haze="0.15 0.25 0.35 1"/>
  </visual>

  <asset>
    <texture type="skybox" builtin="gradient" rgb1="0.3 0.5 0.7" rgb2="0 0 0" width="512" height="3072"/>
    <texture type="2d" name="groundplane" builtin="checker" mark="edge" rgb1="0.2 0.3 0.4" rgb2="0.1 0.2 0.3"
      markrgb="0.8 0.8 0.8" width="300" height="300"/>
    <material name="groundplane" texture="groundplane" texuniform="true" texrepeat="5 5" reflectance="0.2"/>
  </asset>

  <worldbody>
    <!--	================= Coordinate system ================= /-->
		<light directional="false" cutoff="135" exponent="10" diffuse=".7 .7 .7" pos="0.4 -0.2 5.5" dir="-0.4 0.2 -5.5" specular=".3 .3 .3"/>
		<geom group="2" type="cylinder" contype="0" conaffinity="0" fromto="0 0 0 1 0 0" size="0.01" rgba="1 0 0 1"/>
		<geom group="2" type="cylinder" contype="0" conaffinity="0" fromto="0 0 0 0 1 0" size="0.01" rgba="0 1 0 1"/>
		<geom group="2" type="cylinder" contype="0" conaffinity="0" fromto="0 0 0 0 0 1" size="0.01" rgba="0 0 1 1"/>

    <light pos="0 0 1.5" dir="0 0 -1" directional="true"/>
    <geom name="floor" size="0 0 0.05" type="plane" material="groundplane"/>

  <body name="blockL01" pos="0.4 0.15 0.1" quat="1 0 0 0">
      <joint name="Obj1" type="free"/>
      <geom type="box" mass="0.4" size="0.03 0.03 0.03" rgba="0 1 0 1"/>
      <inertial pos="0 0 0" mass="0.2" diaginertia="0.001 0.001 0.001" /> 
  </body>

  <body name="blockL02" pos="0.3 0.25 0.1" quat="1 0 0 0">
      <joint name="Obj2" type="free"/>
      <geom type="box" mass="0.4" size="0.03 0.03 0.03" rgba="1 1 0 1"/>
      <inertial pos="0 0 0" mass="0.2" diaginertia="0.001 0.001 0.001" /> 
  </body>

  <body name="blockL03" pos="-0.2 0.2 0.1" quat="1 0 0 0">
      <joint name="Obj3" type="free"/>
      <geom type="box" mass="0.4" size="0.03 0.03 0.03" rgba="0 0 1 1"/>
      <inertial pos="0 0 0" mass="0.2" diaginertia="0.001 0.001 0.001" /> 
  </body>

  <body name="blockL04" pos="0.25 0.2 0.1" quat="1 0 0 0">
      <joint name="Obj4" type="free"/>
      <geom type="box" mass="0.4" size="0.03 0.03 0.03" rgba="1 0 0 1"/>
      <inertial pos="0 0 0" mass="0.2" diaginertia="0.001 0.001 0.001" /> 
  </body>

  <body name="blockL05" pos="-0.25 0.3 0.1" quat="1 0 0 0">
      <joint name="Obj5" type="free"/>
      <geom type="box" mass="0.4" size="0.03 0.03 0.03" rgba="1 0 1 1"/>
      <inertial pos="0 0 0" mass="0.2" diaginertia="0.001 0.001 0.001" /> 
  </body>
  
  <body name="blockL06" pos="-0.4 0.25 0.1" quat="1 0 0 0">
      <joint name="Obj6" type="free"/>
      <geom type="box" mass="0.4" size="0.03 0.03 0.03" rgba="0 1 1 1"/>
      <inertial pos="0 0 0" mass="0.2" diaginertia="0.001 0.001 0.001" /> 
  </body>
   
  </worldbody>

  <include file="UR5e.xml"/>
</mujoco>
